{
  "project_info": {
    "project_number": "669273691244",
    "project_id": "inspiro-a",
    "storage_bucket": "inspiro-a.firebasestorage.app"
  },
  "client": [
    {
      "client_info": {
        "mobilesdk_app_id": "1:669273691244:android:a934cad0ec3d97966df449",
        "android_client_info": {
          "package_name": "com.ascendocapital.app"
        }
      },
      "oauth_client": [],
      "api_key": [
        {
          "current_key": "AIzaSyCmlrkBPScRIjrKEfjBTMrXcVgx_3NrxnY"
        }
      ],
      "services": {
        "appinvite_service": {
          "other_platform_oauth_client": []
        }
      }
    }
  ],
  "configuration_version": "1"
}